input,output,pearson,spearman,mutual information (sklearn),normalized mutual information,MIC,MAS,MEV,MCN_general
minSoilDepthFrac_forest,qtot,-0.0002697002983695,0.0047494886410295,0.0037922767593192,0.0563822962423368,0.0447835997202791,0.0028272498867975,0.0447835997202791,3.807354922057604
pr,qtot,-0.0094890592420252,-0.0044477619146175,0.0,0.0410203712302075,0.0465763169106951,0.0013011582552827,0.0465763169106951,3.807354922057604
ps,tws,-0.0012126917010816,0.0065487839946666,0.0034402475742076,0.0121110664284318,0.0459738866539033,0.001027924704492,0.0459738866539033,3.5849625007211565
minSoilDepthFrac_forest,evap-total,-0.0057568730237513,-0.0035964931526587,0.0035629624989299,0.0791931115988453,0.0448361528027997,0.0012578172040559,0.0448361528027997,3.807354922057604
ps,potevap,0.0059700628936015,0.0059273336219816,0.0,0.0517406222869024,0.0442491575582403,0.0009360556453779,0.0442491575582403,3.807354922057604
minSoilDepthFrac_forest,qr,0.004203785441544,-0.0063558444011811,0.0051391310294262,0.0476566007993299,0.0472401183164437,0.0036413325911662,0.0472401183164437,4.0
rootFraction1_forest,tws,0.0009927167886297,-0.0067869798912864,0.0027167478739125,0.0138115727656385,0.044917533764913,0.0006199577982094,0.044917533764913,3.807354922057604
tasmin,tws,-0.0104198565168422,-0.0052946149564588,0.0,0.011844839015138,0.0439610061517165,0.0011242836921795,0.0439610061517165,3.807354922057604
tasmin,potevap,-0.000801388423958,-0.0014556198083215,0.0,0.0582923191831774,0.0470006629505746,0.0039896107224847,0.0470006629505746,4.0
pr,evap-total,0.0041270436145925,0.0038754865848921,0.0,0.0555734092493304,0.0468103795518634,0.0019431007927652,0.0468103795518634,3.807354922057604
rootFraction1_forest,potevap,-0.0012663018766883,0.0021089442192133,0.0036369074399367,0.0674091323293954,0.0462680298239044,0.0013342401245197,0.0462680298239044,3.807354922057604
pr,qr,-0.0097010257312388,-0.0139204636111988,0.0,0.0362281473445975,0.0460266402445285,0.0017919040570545,0.0460266402445285,3.5849625007211565
ps,qtot,-0.0012914014060999,-0.0064862098889962,0.0,0.0415747551521736,0.0471426068488918,0.0015275898951797,0.0471426068488918,3.807354922057604
tasmin,qtot,-0.002945712732685,-0.0051755006829329,0.0103391287898571,0.0452465755722094,0.0468592166080253,0.0024810861105448,0.0468592166080253,3.807354922057604
rootFraction1_forest,qtot,-0.0058589627265123,-0.0073206161393768,0.0019173923491173,0.053032074270153,0.0478370262896331,0.0021301043852169,0.0478370262896331,4.0
interceptcap_forest,tws,0.0059639758534835,0.0001419064917854,0.0,0.0133517443635643,0.0457240494118675,0.0018813931946802,0.0457240494118675,3.807354922057604
ps,evap-total,0.010522206301597,0.0113027727162352,0.0,0.0555222516460863,0.045326450260704,0.0007832042402938,0.045326450260704,3.807354922057604
tasmax,tws,-0.0017880531695853,-0.0025289428905037,0.0036955197440251,0.0115968737767772,0.0467030135589491,0.0013614429260938,0.0467030135589491,3.807354922057604
tasmax,potevap,0.0099699038944535,0.0061800824417601,0.0058352045638425,0.0589451293513329,0.0453536463025981,0.0025878252793419,0.0453536463025981,3.807354922057604
kc_forest,tws,0.0027527780537691,0.0062806400859521,0.0,0.0120038008162433,0.0455891223410072,0.0011391170198988,0.0455891223410072,3.807354922057604
interceptcap_forest,potevap,0.0010196666468758,-0.0009973357995881,0.0079085802821872,0.0628196340595223,0.0460502886525352,0.0022564723055392,0.0460502886525352,3.807354922057604
kc_forest,potevap,0.0022300296425011,0.0027221600403527,0.0,0.0516457144810073,0.047022294403643,0.0025490342680488,0.047022294403643,3.807354922057604
tas,potevap,-0.0108743316791539,-0.0078751009634497,0.0,0.06128291918301,0.0453238308915015,0.0012819767987108,0.0453238308915015,4.0
tas,tws,-0.0034606270642719,0.009725913098777,0.0,0.0124630072694504,0.0448665169770394,0.001659078778708,0.0448665169770394,3.807354922057604
ps,qr,-0.0019164353159139,0.0064868608197274,0.0039860104083775,0.0348746326603744,0.0448045022554953,0.0010658164720572,0.0448045022554953,3.5849625007211565
tasmin,evap-total,0.0064814610051754,0.0099975675364084,0.0068929721257395,0.0619878387970591,0.0436436201793966,0.0012850157096494,0.0436436201793966,3.807354922057604
rootFraction1_forest,evap-total,-0.0062790638295806,-0.0066998109113188,0.0,0.0717201135758558,0.0453755858274313,0.0016938658303477,0.0453755858274313,3.807354922057604
tasmin,qr,0.0046413452940664,0.004973682180272,0.007256112330471,0.0399791518500614,0.046363014197339,0.0020630588285374,0.046363014197339,3.5849625007211565
rootFraction1_forest,qr,-0.01713680083409,-0.004920669200356,0.0,0.0434853099402989,0.0457828963542876,0.0019463296144859,0.0457828963542876,3.807354922057604
interceptcap_forest,qtot,-0.0015018554824242,-0.0029201359905272,0.0,0.0471810064134885,0.0457282603260064,0.0012480359518747,0.0457282603260064,3.807354922057604
tasmax,qtot,0.0068563208721314,0.0083767070855837,0.0,0.045704754765474,0.04589691637501,0.0010812571330688,0.04589691637501,3.807354922057604
kc_forest,qtot,0.0039984053885307,-0.003115740897705,0.0059225253561017,0.0404687090848628,0.0453245168352657,0.0010257691799818,0.0453245168352657,3.807354922057604
tas,qtot,-0.0051762284619062,-0.0057913386007579,0.0,0.0482471883179068,0.0454923254458096,0.0008954404253107,0.0454923254458096,3.5849625007211565
minSoilDepthFrac_forest,tws,-0.0051748644070739,0.0141038859949562,0.0,0.013603799846569,0.0471534258132621,0.005243448486549,0.0471534258132621,4.0
interceptcap_forest,evap-total,-0.0053667236452862,-0.0023366516809297,0.0,0.0639405654639233,0.0473019343170728,0.0026836605881531,0.0473019343170728,3.807354922057604
minSoilDepthFrac_forest,potevap,0.0108149636272838,0.0091738531672233,0.0078059372132832,0.0742038615694058,0.0450155725119429,0.0030043179539041,0.0450155725119429,3.807354922057604
tasmax,evap-total,-0.0021681411510954,-0.0030123326352143,0.0027929027312492,0.0619185016478934,0.0448807667158902,0.0021378633398817,0.0448807667158902,3.807354922057604
kc_forest,evap-total,-0.0009650490018426,-0.0007506451757168,0.0,0.0542370251357936,0.0444814087477927,0.0021098877582406,0.0444814087477927,3.321928094887362
tas,evap-total,0.0033372696456675,0.0066071926006173,0.0008199613422306,0.0648656440868831,0.0459408432197628,0.0009528494068728,0.0459408432197628,3.5849625007211565
tasmax,qr,-0.0069512350512363,0.0036777437743165,0.0007530020572854,0.0399937717626197,0.0452498787953043,0.0015882649938294,0.0452498787953043,3.807354922057604
interceptcap_forest,qr,0.0080979396916419,0.0029275369380529,0.0,0.0410092364710292,0.0450217434433998,0.0016333949476292,0.0450217434433998,3.807354922057604
kc_forest,qr,-0.001839489069554,-0.0008292277448067,6.075668563187975e-05,0.0352222843545221,0.0462416569011089,0.0034901438584664,0.0462416569011089,3.807354922057604
tas,qr,-0.0013994663342049,-0.0061579852304554,0.0,0.0415656146906869,0.0469322640841659,0.0016934751936588,0.0469322640841659,3.807354922057604
pr,tws,-0.0054120957842924,0.0019620329252867,0.0056572579760949,0.0112091397889727,0.0454734294251893,0.0013383322942781,0.0454734294251893,3.807354922057604
pr,potevap,-0.0005023144810041,0.0038727781124013,0.0051806803210379,0.0531856503253962,0.0444819013512277,0.0021462248556451,0.0444819013512277,3.5849625007211565
huss,potevap,0.0129392952845235,0.0143259128128575,0.0,0.0640213303820568,0.0464755625647085,0.0016307631672673,0.0464755625647085,3.5849625007211565
rsds,tws,5.055862051519568e-05,0.0138555421704125,0.0,0.0114969753081346,0.0455255492469571,0.0016821386042256,0.0455255492469571,3.807354922057604
huss,qtot,0.0017527035169828,-0.0004514168878379,0.0,0.0499761636183065,0.0454878531229081,0.000635523815755,0.0454878531229081,3.807354922057604
rsds,potevap,0.0032698330657947,0.0027100622207954,0.0,0.0513375628510698,0.0469081393258298,0.0009715853680631,0.0469081393258298,3.807354922057604
huss,evap-total,-0.0086386390396816,-0.007209374671219,0.0002181930911966,0.0673420193075049,0.0476284798032043,0.0022827255455,0.0476284798032043,3.807354922057604
huss,qr,0.0013466564869873,-0.002676006648661,0.0026053880793854,0.0430481816615986,0.0460900654669518,0.0012944461898229,0.0460900654669518,3.807354922057604
rsds,qtot,-0.012355705082397,-0.0115571156098105,0.0,0.0417917350982509,0.0453890284421369,0.0009283553848216,0.0453890284421369,3.5849625007211565
hurs,tws,0.0061626961731662,-0.0011347173336894,0.0,0.0132967195417148,0.0456247232444572,0.0007467232755052,0.0456247232444572,3.5849625007211565
hurs,potevap,0.0041957005064175,0.0039144508067814,0.0,0.0709542855860017,0.045011384359234,0.0023038380589572,0.045011384359234,3.807354922057604
sfcwind,tws,0.0056540996867247,-0.003312665444323,0.0020683411677504,0.0107561874718427,0.0465191507109571,0.0006942717465771,0.0465191507109571,3.807354922057604
sfcwind,potevap,-0.0053261701020374,-0.0106381046706524,0.0027546726071534,0.0477654084979015,0.0440862523559383,0.0008057826304433,0.0440862523559383,3.807354922057604
rlds,tws,0.0036406317779627,-0.0008275658803797,0.0013683662252059,0.0117309137025397,0.0458298634500666,0.0019017368174885,0.0458298634500666,3.807354922057604
rlds,potevap,-0.005872113642083,-0.0046594163801238,0.0072490444044879,0.0569112162075388,0.0459791743485501,0.0018705833508925,0.0459791743485501,3.807354922057604
rsds,evap-total,0.006468252365775,0.0035863549630547,0.0018194483008899,0.0552980260818842,0.048316042287853,0.0044257276805426,0.048316042287853,3.807354922057604
rsds,qr,0.0032356945231202,0.0053869983978882,0.0059071694325014,0.0370037251014242,0.046598576252118,0.0031282853049754,0.046598576252118,3.807354922057604
hurs,qtot,-0.0144469318487239,-0.0067112171990825,0.0,0.0540850959126225,0.0469550221752515,0.0020545590087637,0.0469550221752515,3.807354922057604
sfcwind,qtot,0.0026652443628557,0.0028627328131101,0.0,0.0378466245753261,0.0453967854361505,0.0012482140544578,0.0453967854361505,3.807354922057604
rlds,qtot,0.0146423557795899,0.0137964136246949,0.0062692307137348,0.0443829176279556,0.0469032933095608,0.0014710974438194,0.0469032933095608,3.807354922057604
hurs,evap-total,0.005096340654521,0.0059262569290863,0.0,0.0749004565009682,0.0460496543401366,0.0012667921196587,0.0460496543401366,3.5849625007211565
hurs,qr,0.0039031697484573,0.0013728219541059,0.0081605123980708,0.0481838510099322,0.0478508879387379,0.0019863590229312,0.0478508879387379,3.5849625007211565
sfcwind,evap-total,-0.0053428756792695,-0.0058855695558366,0.0,0.0504896838141831,0.046812372553127,0.0011233867796951,0.046812372553127,3.807354922057604
sfcwind,qr,0.001450324624935,-0.0085690411090822,0.0041012709814243,0.0341708571902545,0.048204972613752,0.0024257117793912,0.048204972613752,3.807354922057604
rlds,evap-total,0.0036955334677146,0.004005494785762,0.0,0.0605380976466865,0.0468089957543355,0.0019238415016629,0.0468089957543355,4.0
rlds,qr,0.0082201425749552,-0.0007123505227874,0.0070320477021184,0.0397339087442176,0.045170194880545,0.002895737467745,0.045170194880545,3.807354922057604
huss,tws,-0.001386543542113,0.0044483127925068,0.0013791123717634,0.0122916728590192,0.0465845751688992,0.0014474097118491,0.0465845751688992,4.0
minSoilDepthFrac_grassland,evap-total,0.0091196870880975,0.0114256722580137,0.0,0.0780072029389672,0.0437298144486579,0.0006530413247306,0.0437298144486579,3.807354922057604
minSoilDepthFrac_grassland,qr,0.0074940443604246,0.0024245075950972,0.0,0.0478016237713755,0.0462476772345993,0.0043273315653328,0.0462476772345993,3.807354922057604
rootFraction2_forest,evap-total,-0.0112331785564709,-0.011905252629267,0.0038059127850313,0.0655299116323418,0.047022033000964,0.0023020584379929,0.047022033000964,3.807354922057604
rootFraction2_forest,qr,-0.0077397100510752,-0.0005128274997699,0.0,0.0401794856733572,0.0443109781625587,0.0013986252018486,0.0443109781625587,3.807354922057604
interceptcap_grassland,qtot,-0.0049769915336269,-0.010926886490723,0.0067460952278439,0.0481173121285182,0.0456058690553184,0.0005530494452187,0.0456058690553184,3.5849625007211565
interceptcap_grassland,evap-total,-9.80474242174463e-05,-0.0028639765969937,0.0011293710095925,0.0644819031361261,0.0459173802318671,0.0018958967979048,0.0459173802318671,4.0
interceptcap_grassland,qr,0.0021049583543257,0.0064130629553306,0.0011256745725525,0.0414340014037696,0.0464592421137025,0.0009476909279911,0.0464592421137025,3.807354922057604
maxRootDepth_forest,tws,,,0.0,0.0,0.0,0.0,0.0,2.0
interceptcap_grassland,tws,0.0082524866669608,0.0023924865183879,0.0,0.0128628963400746,0.0447232082092852,0.0011093909487919,0.0447232082092852,3.807354922057604
maxRootDepth_forest,potevap,,,0.0,0.0,0.0,0.0,0.0,2.0
minSoilDepthFrac_grassland,tws,-0.0042836490707701,-0.0038191582794008,0.0,0.0143243986181653,0.0451766148063506,0.0024393997136246,0.0451766148063506,3.807354922057604
minSoilDepthFrac_grassland,potevap,-0.0072120576577716,-0.007382804106628,0.0050475799068676,0.0734552953073848,0.0459469907413262,0.0038032258716869,0.0459469907413262,3.807354922057604
rootFraction2_forest,tws,-0.0035327529657641,-0.0040918375382034,0.0076148568704184,0.0127522163805175,0.0468924405695822,0.0021017510524627,0.0468924405695822,3.5849625007211565
maxRootDepth_forest,qtot,,,0.0,0.0,0.0,0.0,0.0,2.0
rootFraction2_forest,potevap,-0.0100785942490881,-0.0046965402588019,0.0,0.0630335428167467,0.0447860825323204,0.0010945973198245,0.0447860825323204,3.5849625007211565
minSoilDepthFrac_grassland,qtot,0.0038226037811844,-0.0009469300884217,0.0069692160918908,0.0564580750587767,0.0464934809415588,0.0017337118195827,0.0464934809415588,3.807354922057604
maxRootDepth_forest,evap-total,,,0.0,0.0,0.0,0.0,0.0,2.0
maxRootDepth_forest,qr,,,0.0,0.0,0.0,0.0,0.0,2.0
rootFraction2_forest,qtot,0.0047529639025653,0.0091195353472033,0.0007612622017552,0.0493029495457002,0.045804921715153,0.00117925052619,0.045804921715153,3.807354922057604
interceptcap_grassland,potevap,-0.0005748699354597,0.0008093278430263,0.0,0.0615150310877058,0.0458911887752249,0.0015908734692978,0.0458911887752249,3.807354922057604
rootFraction1_grassland,evap-total,0.0045115490586559,0.0033264098141848,0.0019881134668198,0.0703031533243457,0.0449673208434731,0.0012809445460255,0.0449673208434731,3.807354922057604
kc_grassland,qr,0.0078467678778733,0.0122424858860611,0.0,0.0355060270022076,0.0462186254469374,0.0015499149620133,0.0462186254469374,3.807354922057604
maxRootDepth_grassland,evap-total,,,0.0,0.0,0.0,0.0,0.0,2.0
rootFraction1_grassland,qr,0.0024679152704019,-0.005218495266382,0.0060043674785124,0.044169762602978,0.046497932156099,0.0013590113729297,0.046497932156099,3.807354922057604
maxRootDepth_grassland,qr,,,0.0,0.0,0.0,0.0,0.0,2.0
rootFraction2_grassland,tws,-0.0016686581188131,-0.0020643474905306,0.0,0.0134241612926405,0.0468948360858579,0.003501964940063,0.0468948360858579,3.807354922057604
rootFraction2_grassland,potevap,-0.0032109502595281,-0.0048721477538691,0.0,0.0620066404328564,0.0460246881725642,0.0040342584437981,0.0460246881725642,3.807354922057604
rootFraction2_grassland,qtot,-0.0039443184959798,-0.0075075379209662,0.0,0.0484439147625357,0.0474740909372193,0.0046117799641442,0.0474740909372193,3.807354922057604
kc_grassland,tws,0.0004823957485405,0.0220813880561935,0.0021214000760814,0.010620717377759,0.0451267865306058,0.0008827288201401,0.0451267865306058,3.807354922057604
rootFraction2_grassland,evap-total,-0.005700404596187,-0.0007331773487481,0.0024414884012173,0.0670196165539684,0.045590177839636,0.0022717865061113,0.045590177839636,3.807354922057604
rootFraction1_grassland,tws,-0.0024472922162742,0.006837821009671,0.0,0.0124857768301183,0.0452979267932379,0.0024323163313526,0.0452979267932379,3.807354922057604
kc_grassland,potevap,-0.0083922214756137,-0.0088753113569662,0.0,0.0505483663317015,0.0474446320047034,0.0032071498035417,0.0474446320047034,3.807354922057604
rootFraction2_grassland,qr,0.0076187816840165,0.0086062539216246,0.0,0.0403528921239528,0.0443918017456558,0.0010897828921618,0.0443918017456558,3.807354922057604
maxRootDepth_grassland,tws,,,0.0003926128283316,0.0,0.0,0.0,0.0,2.0
rootFraction1_grassland,potevap,-0.013500846356213,-0.0138490444873299,0.0071358097697773,0.0677473726373107,0.0453901470281557,0.0010444063446729,0.0453901470281557,3.807354922057604
maxRootDepth_grassland,potevap,,,0.0,0.0,0.0,0.0,0.0,2.0
kc_grassland,qtot,-0.0050149574230218,-0.0040805944515179,0.0,0.0400051774733836,0.0440164515107919,0.0013803573154709,0.0440164515107919,3.807354922057604
rootFraction1_grassland,qtot,-0.0106546192438101,-0.0036437071107321,0.0052426939045311,0.0509589777914801,0.0464547847922649,0.0014702042240614,0.0464547847922649,3.807354922057604
maxRootDepth_grassland,qtot,,,0.0,0.0,0.0,0.0,0.0,2.0
kc_grassland,evap-total,-0.0049542474013005,-0.0015017333691434,0.0092969476137971,0.0548767138692622,0.0467438007312027,0.0022500810115433,0.0467438007312027,3.5849625007211565
minSoilDepthFrac_irrNonPaddy,qr,0.0074241557643485,0.0021580048135501,0.0,0.047878396072088,0.0469584817424878,0.0021823495615693,0.0469584817424878,3.807354922057604
interceptcap_irrNonPaddy,evap-total,0.0020919739696388,0.0045076414947635,0.0108969446442701,0.06421762156381,0.0468785905082255,0.0029856855417205,0.0468785905082255,3.807354922057604
interceptcap_irrNonPaddy,qr,0.0011688523223631,0.0003398985398445,0.0,0.0400273824209114,0.0467528786656918,0.0031905984693945,0.0467528786656918,3.807354922057604
kc_irrNonPaddy,qr,0.0043423614128649,0.0077052004869666,0.000617267069769,0.0356052916137422,0.0459352491515393,0.0030341025520189,0.0459352491515393,3.807354922057604
rootFraction1_irrNonPaddy,tws,-0.0130114800777712,-0.0029475471775745,0.0,0.0129846740448019,0.0442556245595248,0.0010836084320574,0.0442556245595248,3.807354922057604
rootFraction1_irrNonPaddy,potevap,-0.0021096086299654,-0.0012985889724955,0.0,0.0677185608752575,0.0460621620472404,0.0009755222453546,0.0460621620472404,3.807354922057604
rootFraction1_irrNonPaddy,qtot,-0.0019101779216864,-0.0061527605497498,0.0021816893539607,0.0521005071288932,0.0447318220454487,0.001047217344606,0.0447318220454487,3.807354922057604
minSoilDepthFrac_irrNonPaddy,tws,0.0076175080685845,-0.0038450593271715,0.0,0.0136921479936376,0.0446476328730254,0.0017083918328531,0.0446476328730254,3.807354922057604
minSoilDepthFrac_irrNonPaddy,potevap,0.0023991468722962,0.0042542460331491,0.0,0.0738931424123384,0.0438950440189932,0.0010491508340735,0.0438950440189932,3.5849625007211565
rootFraction1_irrNonPaddy,evap-total,-0.0051108296822578,-0.005506803514,0.0,0.0712515009727973,0.0460667262456907,0.0019435804133259,0.0460667262456907,3.807354922057604
kc_irrNonPaddy,tws,-0.0050300370329745,0.0004979225154901,0.0,0.0110817236837412,0.0465889075871317,0.0020698306182802,0.0465889075871317,3.807354922057604
interceptcap_irrNonPaddy,tws,-0.0060460661988148,-0.0027841306919996,0.0,0.0127898554487396,0.0458866206310468,0.0012652956745982,0.0458866206310468,3.5849625007211565
interceptcap_irrNonPaddy,potevap,0.000474422933966,0.0024130629305092,0.0034206659732625,0.0632224002891309,0.0452985192950168,0.0008450903298402,0.0452985192950168,3.5849625007211565
kc_irrNonPaddy,potevap,-0.0072520647166025,-0.0047959171469511,0.0003321309075143,0.0513639184277118,0.0454713843493564,0.0005256645586752,0.0454713843493564,3.807354922057604
rootFraction1_irrNonPaddy,qr,0.007938925995857,0.0066737122430659,0.0,0.0453034997153887,0.0463312469061072,0.0012406372437981,0.0463312469061072,3.807354922057604
minSoilDepthFrac_irrNonPaddy,qtot,0.0086830331819306,0.0089017646054979,0.0,0.0570600629314042,0.0458071760933363,0.0034376273333642,0.0458071760933363,3.807354922057604
kc_irrNonPaddy,qtot,0.009094242937325,0.0138186198784425,0.0,0.0406504355147977,0.0458773948316622,0.001588948246372,0.0458773948316622,3.5849625007211565
interceptcap_irrNonPaddy,qtot,0.007394281381404,0.0051976448945286,0.0,0.0471230296571785,0.0459717952896838,0.002240125337478,0.0459717952896838,3.807354922057604
minSoilDepthFrac_irrNonPaddy,evap-total,-0.00222423672227,-0.0033680734695133,0.0,0.0778458667629736,0.0446038385456468,0.0011325322656172,0.0446038385456468,3.807354922057604
kc_irrNonPaddy,evap-total,-0.0034275067330793,-0.0065874796289725,0.0021593307944911,0.0546288214648292,0.0464640487311128,0.0028937366172455,0.0464640487311128,3.807354922057604
rootFraction2_irrNonPaddy,tws,-0.0145805993329833,-0.0093983236767689,0.0,0.0126634168504343,0.048158373635591,0.0061165159318279,0.048158373635591,3.807354922057604
rootFraction2_irrNonPaddy,potevap,0.0028463525251766,0.0014221138739568,7.9064275695373e-06,0.063296443131817,0.0444280042597989,0.0006749409659336,0.0444280042597989,3.807354922057604
minSoilDepthFrac_irrPaddy,evap-total,0.0108245815317329,0.0117665542175112,0.0048036053811015,0.0778123415663598,0.0460547485205132,0.0018385620246352,0.0460547485205132,3.807354922057604
minSoilDepthFrac_irrPaddy,qr,0.0054677440174841,0.014551104640882,0.0049063768394645,0.0476766597024007,0.0467091337244222,0.0027196904474923,0.0467091337244222,3.807354922057604
rootFraction2_irrNonPaddy,qtot,-0.0019276959338593,-0.0046805918360174,0.0,0.0489262570776062,0.0465384824428144,0.0029366619062454,0.0465384824428144,4.0
rootFraction2_irrNonPaddy,evap-total,-0.0002069330875034,-0.0011499224059627,0.0075078585628958,0.0663641263169823,0.0462441726348882,0.0018233577463957,0.0462441726348882,3.807354922057604
maxRootDepth_irrNonPaddy,tws,,,0.0,0.0,0.0,0.0,0.0,2.0
maxRootDepth_irrNonPaddy,potevap,,,0.0003617943242943,0.0,0.0,0.0,0.0,2.0
interceptcap_irrPaddy,tws,-0.0077813681868283,0.0057845156069094,0.0,0.0128829468567419,0.0483919105256164,0.0031649958831032,0.0483919105256164,3.807354922057604
rootFraction2_irrNonPaddy,qr,-0.0060691719209994,0.0050806203288987,0.0,0.0411118467081038,0.0454433579801888,0.0030474670012425,0.0454433579801888,3.807354922057604
interceptcap_irrPaddy,potevap,-0.0053066369509979,-0.0030750762481349,0.0,0.0610917045010306,0.0460346737502299,0.0010853860214781,0.0460346737502299,3.807354922057604
maxRootDepth_irrNonPaddy,qtot,,,0.0,0.0,0.0,0.0,0.0,2.0
interceptcap_irrPaddy,qtot,0.0039193400009388,0.0060593080844661,0.0001877702504389,0.0483804855960587,0.0439363538270088,0.0010923754916239,0.0439363538270088,3.5849625007211565
maxRootDepth_irrNonPaddy,evap-total,,,0.0,0.0,0.0,0.0,0.0,2.0
minSoilDepthFrac_irrPaddy,tws,0.0081907419735409,-0.0001391504110142,0.0,0.0134856963892842,0.0472405839546924,0.003802142782652,0.0472405839546924,3.807354922057604
maxRootDepth_irrNonPaddy,qr,,,0.0,0.0,0.0,0.0,0.0,2.0
interceptcap_irrPaddy,evap-total,0.0096737548969525,0.0091707949707421,0.0017618283349634,0.0643515554140594,0.0469587430991568,0.0006716377203814,0.0469587430991568,3.807354922057604
minSoilDepthFrac_irrPaddy,potevap,0.00109698032125,-0.0003975579828198,0.0026989650834705,0.0743202368556111,0.0453055029454623,0.0022292597832428,0.0453055029454623,3.5849625007211565
interceptcap_irrPaddy,qr,0.0055655558150197,0.0107562961227259,0.0,0.0405895865386787,0.0467992302957074,0.0009926104764472,0.0467992302957074,3.5849625007211565
minSoilDepthFrac_irrPaddy,qtot,0.0045160997931424,0.0010060502408407,0.0,0.0571941465454037,0.0455155661689421,0.0009102433098135,0.0455155661689421,3.5849625007211565
rootFraction2_irrPaddy,qtot,0.007185897339193,0.0126669473746037,0.0,0.0477795394370803,0.044950654938267,0.0014491406417968,0.044950654938267,3.5849625007211565
rootFraction1_irrPaddy,potevap,0.0145109179204645,0.0055424495561273,0.0,0.0675480125904425,0.0449267970870236,0.001814882981154,0.0449267970870236,3.807354922057604
kc_irrPaddy,evap-total,-0.0053193979401013,-0.0015920897677796,0.0017884226100877,0.0543077813893638,0.0464213878836033,0.0010286080995924,0.0464213878836033,3.807354922057604
kc_irrPaddy,qr,-0.0081773489118312,0.000230752055842,0.0020295341485363,0.0351358486662989,0.0467323079220718,0.0022136670372287,0.0467323079220718,4.0
maxRootDepth_irrPaddy,evap-total,,,0.0002442717732908,0.0,0.0,0.0,0.0,2.0
rootFraction2_irrPaddy,evap-total,-0.0093363622273132,-0.0086073900346751,0.0055127709113254,0.0653721336173932,0.0460114187056395,0.0006995089689953,0.0460114187056395,3.807354922057604
maxRootDepth_irrPaddy,qr,,,0.0,0.0,0.0,0.0,0.0,2.0
rootFraction1_irrPaddy,qtot,0.0058749550291671,0.0028411131428856,0.0005174024951362,0.0530252654343784,0.044721381129942,0.0011788135945589,0.044721381129942,3.807354922057604
rootFraction2_irrPaddy,qr,-0.0015891266363428,-0.0068570403385978,0.0045062891611422,0.0403857533889241,0.0462494341440247,0.0018488244074568,0.0462494341440247,3.807354922057604
rootFraction1_irrPaddy,evap-total,0.0059568795017903,0.0029445753037629,0.0057134540515129,0.0717713169939882,0.0460149849643414,0.0007559061781087,0.0460149849643414,3.807354922057604
rootFraction1_irrPaddy,qr,-0.0012434771320018,0.0029664873133404,0.0040448827674026,0.0445467994124135,0.0476893621230908,0.0031644493696744,0.0476893621230908,3.807354922057604
kc_irrPaddy,tws,0.0071014453221709,0.000551864643429,0.0,0.0107837345313625,0.0471549700673649,0.0014132328627585,0.0471549700673649,3.807354922057604
kc_irrPaddy,potevap,-0.0073760546952593,-0.0095648421697653,0.0031824792298014,0.0524063602002471,0.0462789758365039,0.0016973804590629,0.0462789758365039,3.807354922057604
maxRootDepth_irrPaddy,tws,,,0.0002031447827984,0.0,0.0,0.0,0.0,2.0
maxRootDepth_irrPaddy,potevap,,,0.0,0.0,0.0,0.0,0.0,2.0
rootFraction2_irrPaddy,tws,-0.0017773572352953,0.0092089681014552,0.0,0.0130334746353869,0.0461935648626305,0.0032023221752324,0.0461935648626305,3.807354922057604
rootFraction2_irrPaddy,potevap,0.000860425336069,0.0012083585774133,0.0,0.0629461101850933,0.0449696623141804,0.0007127813463007,0.0449696623141804,3.807354922057604
maxRootDepth_irrPaddy,qtot,,,0.0004254568163322,0.0,0.0,0.0,0.0,2.0
kc_irrPaddy,qtot,0.0073991891600756,0.006282649025614,0.0,0.0400973062048168,0.046415516718256,0.0015983526147718,0.046415516718256,3.807354922057604
rootFraction1_irrPaddy,tws,-0.0069191443301092,-0.0064435903753607,0.0,0.0131519173397086,0.0438521039547102,0.0017864418755073,0.0438521039547102,3.5849625007211565
cellarea30min,qtot,-0.0001498469496067,-0.001299495057916,0.0,0.0460806322165036,0.0454634607874848,0.0141335554600347,0.0454634607874848,3.807354922057604
kSatAquifer,tws,-0.0091178645664685,-0.0064889103671746,0.0,0.0128412458432111,0.0446974891696105,0.0129836015289104,0.0446974891696105,3.807354922057604
kSatAquifer,potevap,-0.0005256252277712,-0.0032995716619523,0.0013671468056504,0.050448898637263,0.0459190868067856,0.0145312790993572,0.0459190868067856,3.807354922057604
cellarea30min,evap-total,0.0041220366529453,0.0110054804406792,0.0081684928929712,0.0614126959466085,0.047049396192945,0.0150742797301124,0.047049396192945,3.807354922057604
cellarea30min,qr,0.0057332214547211,0.0049543458083542,0.0,0.0377201444159409,0.0459020608502385,0.0148815831577736,0.0459020608502385,3.807354922057604
porosity,tws,0.0058843371282392,0.0072754667308765,0.0008764623510151,0.0027729791121965,0.0462662132658906,0.045745808685629,0.0462662132658906,3.807354922057604
kSatAquifer,qtot,-0.0032984006004896,-0.0007282242654587,0.0,0.0402363447868591,0.0459270923512451,0.0141938604555867,0.0459270923512451,4.0
porosity,potevap,0.0129595740116929,0.012758425902967,0.0058748499951475,0.0074251785069438,0.046442597711713,0.0456683123059499,0.046442597711713,3.807354922057604
kSatAquifer,evap-total,-0.000101657558509,-0.0047580784169926,0.008063901697211,0.0520296088581578,0.0452063314479281,0.0139220971144661,0.0452063314479281,3.807354922057604
kSatAquifer,qr,0.0012283308613002,0.0045028240241668,0.0092017026233008,0.0355202338997801,0.0479411737818815,0.0159460858978923,0.0479411737818815,4.0
porosity,qtot,-0.0024239955741756,-0.0066634504574148,0.0,0.0065968207399835,0.0460713862059078,0.0457627779538035,0.0460713862059078,3.807354922057604
recessionCoeff,tws,-0.0039112980168185,0.0018000063059913,0.0,0.0098359330218316,0.0471209610381846,0.0014070151546738,0.0471209610381846,3.807354922057604
porosity,evap-total,-0.0006719894326717,0.0040050092987479,0.0022375936963103,0.0079552849951063,0.04493666797357,0.0444516484331315,0.04493666797357,3.807354922057604
recessionCoeff,potevap,-0.0007246780968672,-0.0032204711012527,0.0,0.0301042502099326,0.0461888143990242,0.0015387625097183,0.0461888143990242,3.807354922057604
porosity,qr,-0.0107004245678059,-0.0083080840967747,0.0,0.005765905691026,0.0451082347173531,0.0448198659396371,0.0451082347173531,3.5849625007211565
recessionCoeff,qtot,-0.0060558830814739,0.0054439144891317,0.0,0.0258716896225661,0.0461420747762061,0.0014753118714062,0.0461420747762061,3.807354922057604
cellarea30min,tws,0.0019777613110992,0.0072791002993949,0.0033073181753886,0.0125653240500212,0.0442196276926739,0.0124639990151529,0.0442196276926739,3.807354922057604
cellarea30min,potevap,-0.0020976023276161,-0.0044673589781219,0.001856044965466,0.059751046778619,0.0473377400651826,0.015017139883974,0.0473377400651826,3.807354922057604
recessionCoeff,evap-total,-0.0102864482593083,-0.0079669315279254,0.0,0.0320236778375384,0.0463697528760296,0.0022237621063412,0.0463697528760296,3.807354922057604
recessionCoeff,qr,0.0057741298502084,-0.0016596226682521,0.0,0.023617285923509,0.0470957530610608,0.0010719199766557,0.0470957530610608,3.807354922057604
thetar3,evap-total,-0.001456855301692,-0.0046742939917532,0.0,0.0613893827145117,0.046398810692473,0.0114232748638714,0.046398810692473,4.0
thetar3,qr,-0.0006475380425935,-0.0009644661066225,0.0008930935601565,0.0383862850583158,0.0447573844647838,0.0139460561467502,0.0447573844647838,3.807354922057604
thetas2,tws,-0.0164817411442837,0.0020308422787305,0.0125314090893784,0.010524831788764,0.0458665948072476,0.0068264162855668,0.0458665948072476,3.807354922057604
ksat1,tws,-0.0129211409285375,-0.0202870191023844,0.0032080609223603,0.011124103257676,0.0447500047024127,0.0102602879315773,0.0447500047024127,3.807354922057604
ksat1,potevap,-0.0074046162416377,-0.0082404266056762,0.0,0.0550698712657266,0.0445696175033167,0.0104593614757114,0.0445696175033167,3.807354922057604
thetas2,potevap,-0.0026694982372559,-0.0023646736072701,0.0,0.0401794353428583,0.0443172391151907,0.006520130676616,0.0443172391151907,3.807354922057604
thetar2,tws,-0.0031151813605441,-0.0069852937812391,0.0,0.0129661441155987,0.0459187023613769,0.0100988332225174,0.0459187023613769,4.0
thetar2,potevap,-0.0005672275145231,-0.0020539381541999,0.0,0.0601147858853392,0.0433753542005373,0.0075896787514691,0.0433753542005373,3.5849625007211565
thetas2,qtot,-0.0003075954663841,-0.0007979965268916,0.0011971913621655,0.0319304901506409,0.0466563309947565,0.0087413197647832,0.0466563309947565,3.807354922057604
thetar3,tws,0.0028660060005735,0.0047326184093626,0.0022490473407357,0.0113825910885729,0.046615680271045,0.012137223829829,0.046615680271045,4.0
ksat1,qtot,0.0067680339628782,-0.0018063922358745,0.0,0.0433893353958576,0.0445357578343548,0.011128550870428,0.0445357578343548,3.807354922057604
thetar3,potevap,0.0006152473337856,-0.0001934183560583,0.0070452138554522,0.0593802128221382,0.0448548633126366,0.0137581259444154,0.0448548633126366,3.807354922057604
thetas2,evap-total,0.0057787504238193,0.0047792590148967,0.0072448258661763,0.0420366213598794,0.0455006444960537,0.0072370962003942,0.0455006444960537,3.807354922057604
thetar2,qtot,-0.0079255541356281,-0.0089453347934877,0.0,0.0464391843685226,0.0461582355134619,0.0106599514197401,0.0461582355134619,3.807354922057604
ksat1,evap-total,-0.0049370247773799,-0.0080411729878093,0.0,0.0576992593737332,0.0451374749173324,0.0121339588929796,0.0451374749173324,3.807354922057604
ksat1,qr,0.003038160050757,-0.0019587880665825,0.0022011008104545,0.0363658255722308,0.0459287135260996,0.0109650888492903,0.0459287135260996,3.807354922057604
thetas2,qr,-0.0069607954249827,-0.0053628920720431,0.0083249220016767,0.0270134685755835,0.0458724230082141,0.0046399051854216,0.0458724230082141,4.0
thetar3,qtot,-0.004838600501688,-0.0060889651127333,0.0,0.0460553806271224,0.0463206208319843,0.0152783215243142,0.0463206208319843,3.807354922057604
thetar2,evap-total,-0.0032363888538417,-0.003093229343879,0.0,0.0626129404124307,0.0436852171860054,0.0077682367131216,0.0436852171860054,3.5849625007211565
thetar2,qr,0.0047942150785383,0.0074025530398141,0.0,0.0388905993273745,0.0471658726857307,0.0119833948134479,0.0471658726857307,4.0
lambda2,evap-total,0.0015675731789524,0.0041917846455296,0.0,0.0550174763855865,0.0474375187327263,0.0100926424517396,0.0474375187327263,3.807354922057604
thetas3,evap-total,0.0013924791568225,-0.0005851423262061,0.0,0.0395844311770678,0.0440356343532135,0.0093545733126816,0.0440356343532135,3.807354922057604
lambda2,qr,-0.0023622385668991,-0.0098248662021692,0.0048986983052357,0.0359082575468358,0.0453698217633744,0.0084151430408904,0.0453698217633744,4.0
thetas3,qr,-0.004376898405652,-0.0031624200282367,0.0027382290941453,0.0275385796178626,0.044804299035076,0.0090308988885882,0.044804299035076,3.807354922057604
lambda3,tws,-0.0050650567519776,-0.0045137708500423,0.0039247724062612,0.0130185055859825,0.0441879428926903,0.0117437514270618,0.0441879428926903,3.807354922057604
lambda3,potevap,0.0041708543799611,0.0037875500300781,0.0039838622075611,0.0618015398495058,0.0458640624797983,0.0144983523873676,0.0458640624797983,4.0
alpha2,tws,-0.0120020782514396,-0.0018080048505684,0.0,0.011123659067923,0.0462017856789416,0.0087722769028915,0.0462017856789416,4.0
alpha2,potevap,0.0067186460285159,0.0075251241638182,0.0,0.0568241980814181,0.0467315316426281,0.0098569276455598,0.0467315316426281,3.807354922057604
lambda3,qtot,0.011582716624569,0.0141234932068406,0.0,0.0460962095812831,0.0465829918361116,0.0117229179079862,0.0465829918361116,3.5849625007211565
thetas3,tws,-0.0094900412048833,0.0091815756792177,0.0002298211625237,0.0088710865727316,0.0444025415968598,0.0102478593754234,0.0444025415968598,3.807354922057604
lambda2,tws,-0.0033920903197636,0.0055797978317149,0.0059973616546082,0.0108928849969878,0.0442735666389748,0.0069033067775631,0.0442735666389748,3.807354922057604
alpha2,qtot,0.0013819282749619,-0.0069692132911483,0.0,0.0441750637199784,0.0448972041210099,0.0079028871875548,0.0448972041210099,3.5849625007211565
thetas3,potevap,-0.0013071079126638,-0.0018150547832031,0.0028250328327636,0.0390621042378367,0.0474251435801086,0.0133623967391085,0.0474251435801086,3.807354922057604
lambda2,potevap,-0.0038794664299925,-0.0051552275751309,0.0026786869342672,0.0534710418428953,0.0444185734173419,0.0059186046557291,0.0444185734173419,3.807354922057604
lambda3,evap-total,-0.0012907931964366,-0.002367713063625,0.0,0.0629782576377316,0.045858099519783,0.0102818118377435,0.045858099519783,3.807354922057604
alpha2,evap-total,-0.0047690531179959,-0.0058129976924299,0.0018204236322647,0.0614823058534993,0.0448865647675763,0.0071295619516707,0.0448865647675763,3.807354922057604
lambda3,qr,-0.0118974495973935,-0.0026408477926243,0.0027031824450123,0.0394415487669524,0.0451485102038676,0.0132184926649503,0.0451485102038676,4.0
alpha2,qr,0.0024652765519651,0.0039547652379783,0.0012941116696634,0.0389833198973296,0.0457108971581777,0.0077711537535148,0.0457108971581777,3.807354922057604
thetas3,qtot,-0.0013451506006126,-0.0043948894503848,0.002094029721241,0.0309425730615661,0.045560740889109,0.0100904044356431,0.045560740889109,3.807354922057604
lambda2,qtot,0.0014828409465277,0.0007973341144739,0.0035175733771479,0.0418493876356124,0.0455714571902824,0.008154032128302,0.0455714571902824,3.807354922057604
firstStorDepth,qr,-0.0076541659218903,-0.0103237151509013,0.0027233869016685,0.0391708874656647,0.0465092909038242,0.0071328242164782,0.0465092909038242,3.807354922057604
secondStorDepth,qtot,-0.0052716302797903,-0.0049548403560374,0.0,0.0455113035170395,0.0452579046235386,0.0054010339340117,0.0452579046235386,3.807354922057604
alpha3,qtot,-0.0104727080705644,-0.0046252572083332,0.0,0.0422641091255013,0.0467717551586114,0.0133671748074563,0.0467717551586114,3.807354922057604
secondStorDepth,evap-total,-0.0011894545886385,-0.00493572734698,0.0036601271410656,0.0616744698071503,0.0441963355570498,0.0026153096032316,0.0441963355570498,3.807354922057604
alpha3,evap-total,0.0031913879684495,-0.0017369122453447,0.0,0.0602308665960967,0.0449631761158087,0.0121463342983338,0.0449631761158087,3.5849625007211565
secondStorDepth,qr,-0.0029163285261443,-0.0026530303137851,0.0028622166682561,0.039429304861515,0.0451946770360585,0.005314757144156,0.0451946770360585,3.807354922057604
alpha3,qr,0.0017235862908556,-0.0074681148640707,0.0161375751435457,0.0381742597239915,0.0459890324749803,0.0136841095249902,0.0459890324749803,3.807354922057604
thetar1,tws,0.000656156846348,0.0034547040970296,0.0,0.0123269206850682,0.0467817439381839,0.0154562183892284,0.0467817439381839,3.807354922057604
thetar1,potevap,0.0034950151993619,0.0052188694220767,0.0,0.0619235203138723,0.0448723094629892,0.0108969562407872,0.0448723094629892,3.807354922057604
thetar1,qtot,-0.0027615363596767,-0.0073144269459458,0.0071778280587206,0.0470883277875691,0.045450749682055,0.0113936061786082,0.045450749682055,3.807354922057604
firstStorDepth,tws,0.0105732749445155,-0.0083474263768337,0.0,0.0120271157365943,0.0452498527733528,0.0065034819767422,0.0452498527733528,3.807354922057604
firstStorDepth,potevap,0.00562062214847,0.0032734142212069,0.0005624579260308,0.0580627544234267,0.0453626679727948,0.0062165830870334,0.0453626679727948,3.807354922057604
thetar1,evap-total,-0.0033268407856571,-0.0005441366486241,0.0044891407992597,0.0647260144392566,0.0432216193675509,0.010883674247238,0.0432216193675509,3.5849625007211565
thetar1,qr,0.0065623318715734,0.0116220542432925,0.0,0.0411350209057018,0.0451628329783679,0.0107809621893352,0.0451628329783679,3.807354922057604
secondStorDepth,tws,-0.0074837732142509,0.0105990037378126,0.0,0.0119376208532925,0.0456865870062235,0.006841071068355,0.0456865870062235,3.807354922057604
secondStorDepth,potevap,0.0073868060527401,0.0078191476125767,0.0081903071350559,0.0579086023977812,0.046437921341272,0.0048621286014469,0.046437921341272,3.807354922057604
alpha3,tws,0.0148052914520508,0.0205978091459666,0.0047438464116043,0.0110584929910499,0.0478981610469144,0.0148453439202912,0.0478981610469144,3.807354922057604
alpha3,potevap,0.0077291017534193,0.0103127056165181,0.0122787757373181,0.0567100890612854,0.0470749725476357,0.0136320138084262,0.0470749725476357,3.5849625007211565
firstStorDepth,qtot,-0.0003678105879678,-0.0001583837475549,0.0116407394482793,0.0452588410846298,0.0477229702993449,0.0065768317618852,0.0477229702993449,3.807354922057604
firstStorDepth,evap-total,-0.0053495754088444,-0.003562257276846,0.0007928834631591,0.0625732703218828,0.0464593199738218,0.0094892099731901,0.0464593199738218,3.5849625007211565
alpha1,potevap,0.0063251778976748,0.0063310530094314,0.0,0.0559391942185299,0.0453834943059648,0.0095058077553012,0.0453834943059648,3.807354922057604
thetas1,evap-total,-0.0017466885130556,0.0033315000052618,0.0112765435775132,0.0407163909877454,0.0455513957446994,0.0090364290437413,0.0455513957446994,3.807354922057604
thetas1,qr,0.0092833464734222,-0.0028472368933585,0.0031306609840422,0.0273531838469548,0.0456039139274731,0.0100663337688006,0.0456039139274731,3.807354922057604
cropgrpn_o,evap-total,-0.0034582958894028,0.0011686284351302,0.0,0.0623852153647789,0.0448929795553011,0.0314307301619655,0.0448929795553011,3.807354922057604
cropgrpn_o,qr,0.0109097418368317,0.0025854145297306,0.0059584022298695,0.0419500861851564,0.0451737548736281,0.0303959262061635,0.0451737548736281,4.0
alpha1,qtot,-0.0004237193375562,-0.0048313050957631,0.0054678681810447,0.0438737989103815,0.0460261869567922,0.0143745986915023,0.0460261869567922,3.807354922057604
alpha1,evap-total,-0.0074135490590597,-0.0063872243063895,0.0061915998174146,0.0605320551203613,0.0464594511284377,0.0111307734867803,0.0464594511284377,3.807354922057604
alpha1,qr,-0.0080642033767957,-0.0113088204069838,0.0073113539820486,0.0376164288824424,0.0445150301982943,0.0119036543540863,0.0445150301982943,3.807354922057604
cropgrpn_o,qtot,-0.0033131995465166,-0.0015452432186089,0.0,0.0497686741048036,0.0442910827837055,0.0298774608871926,0.0442910827837055,3.807354922057604
lambda1,tws,0.0021998039554696,-0.0005035098309811,0.0,0.0106074202840634,0.0444579005732554,0.0085148228516621,0.0444579005732554,3.807354922057604
lambda1,potevap,0.0032434348706331,0.0022027574723607,0.001746426701179,0.0505723949765306,0.0444158918226731,0.010606488529143,0.0444158918226731,3.807354922057604
cropgrpn_o,tws,0.0032237079066172,-0.002186981860439,0.0,0.0158399485970545,0.0437449835228453,0.029587828801578,0.0437449835228453,4.0
thetas1,tws,-0.0023093781645638,-0.0029756962623705,0.0048384879264986,0.0101971499513845,0.0458416426899214,0.0128235489384368,0.0458416426899214,3.807354922057604
thetas1,potevap,0.0016889042235997,-0.0015376496119078,0.0,0.0385626283021663,0.0452562942202621,0.0103048759152328,0.0452562942202621,4.0
lambda1,qtot,-0.0038265255086782,-0.002095263408214,0.0,0.0394415489712697,0.04577259944494,0.0128369448359854,0.04577259944494,3.807354922057604
cropgrpn_o,potevap,-0.0016203479989279,-0.0019916695529896,0.0040542856828689,0.0614095064598048,0.0421892703686925,0.026513202103237,0.0421892703686925,3.807354922057604
lambda1,evap-total,-2.1298822114547844e-05,0.0037123973665594,0.0,0.0533565236915156,0.047308394232121,0.0115234250157488,0.047308394232121,3.807354922057604
lambda1,qr,-0.0054095521899949,0.0029702237320124,0.0044693856830839,0.0340779729201501,0.0454096602974524,0.0116661977033495,0.0454096602974524,3.807354922057604
thetas1,qtot,-0.0009329388642746,0.0050110277750755,0.0,0.0310528940981157,0.0460540591511924,0.0136606237010057,0.0460540591511924,3.807354922057604
alpha1,tws,-0.0100494542254266,-0.0090672319883368,0.0007040982713926,0.0111402933587254,0.0463726529245544,0.0105750494774287,0.0463726529245544,3.807354922057604
tanslope,evap-total,-0.0035210530355809,-0.0153372397566314,0.0,0.0489895102921316,0.0470094983487762,0.0021134587842335,0.0470094983487762,3.807354922057604
percolationImp,qtot,-0.007804536639753,-0.0086541719033927,0.0,0.0488221851808596,0.0455037376185883,0.0037620270331037,0.0455037376185883,3.807354922057604
tanslope,qr,0.0170888149844277,0.0070530757253865,0.0017951810930814,0.0329619283575465,0.0472350481910306,0.002107885898409,0.0472350481910306,3.807354922057604
percolationImp,evap-total,-0.0068679014852069,-0.0111265322826648,0.0,0.0644334258577045,0.0437642459476637,0.0022278807890096,0.0437642459476637,3.807354922057604
percolationImp,qr,0.0009675146699977,0.0002319242404392,0.0,0.0415783399244869,0.0443662258532085,0.0035037377685474,0.0443662258532085,3.807354922057604
ksat3,tws,0.0014084717982223,0.0079503057892724,0.0,0.0110436228958672,0.044800603115604,0.0114369162672934,0.044800603115604,3.807354922057604
ksat3,potevap,0.0125297272964658,0.0050905544168347,0.0,0.0483088498904376,0.0442539445457013,0.0136781796210857,0.0442539445457013,3.807354922057604
ksat2,tws,0.0099924580009903,5.0972053755898034e-05,0.0,0.0114594119124168,0.0448273240479155,0.0066613912915749,0.0448273240479155,3.807354922057604
ksat2,potevap,0.0004997470679289,-0.0037676424009909,0.0,0.0514506822578035,0.0449632356626817,0.0082470352112834,0.0449632356626817,3.807354922057604
ksat3,qtot,-9.375176616152614e-05,-9.026468870934544e-05,0.0,0.0367955354570782,0.0470922554419626,0.0120650072698307,0.0470922554419626,4.0
ksat3,evap-total,0.0019431486508786,-0.0033656758976794,0.0,0.0499932025138364,0.0452792332864532,0.0123091857056137,0.0452792332864532,3.807354922057604
tanslope,tws,0.0051563783610832,0.0087054454539107,0.0069286174304927,0.0111771741855353,0.0467353003916546,0.0042793737052072,0.0467353003916546,3.807354922057604
ksat3,qr,0.0020327140424108,0.0112686861919223,0.0,0.0319455120046286,0.0459968720205676,0.0121345556611303,0.0459968720205676,3.807354922057604
tanslope,potevap,0.0135845025484814,0.0081200079041897,0.0,0.0465985898111564,0.0455308633658148,0.0009755850485994,0.0455308633658148,3.807354922057604
ksat2,qtot,-0.0066976101744207,-0.0039723842808209,0.0,0.0386860822078191,0.0459343494908988,0.0094995308149949,0.0459343494908988,3.807354922057604
percolationImp,tws,0.0030380863560689,-0.0057706615839112,0.0,0.0130423990043035,0.0437687968558743,0.0008483672639961,0.0437687968558743,3.5849625007211565
percolationImp,potevap,-0.0107413486523484,-0.0096107562025601,0.0,0.0618796803291796,0.0445714157473182,0.0031708835882816,0.0445714157473182,3.5849625007211565
ksat2,evap-total,-0.0051620893063403,-0.0046754066945496,0.0,0.0539334272158562,0.0466538629957871,0.008602908988555,0.0466538629957871,3.807354922057604
tanslope,qtot,0.0008669069414061,-0.0011298282781437,0.0,0.0364720937981639,0.0475007523461037,0.0035090640974619,0.0475007523461037,3.807354922057604
ksat2,qr,0.0049745914219847,0.0099957471724111,0.0,0.0345965831378864,0.0450232444919869,0.0086863189924539,0.0450232444919869,3.807354922057604
dzRel0001,qr,0.0040275500336039,0.0050722414453457,0.0,0.0256796063064088,0.0469531872455279,0.0008221383614371,0.0469531872455279,3.807354922057604
dzRel0005,evap-total,-0.010178565070208,-0.0060107109775683,0.0034632461194794,0.0384642069565695,0.046368647037754,0.0007581551079494,0.046368647037754,3.807354922057604
dzRel0005,qr,0.0003096121553887,0.0107248699161412,0.0017286767107371,0.0261320747434834,0.0458402968186174,0.0012170834604385,0.0458402968186174,4.0
dzRel0000,tws,,,0.0003555041482889,0.0,0.0,0.0,0.0,2.0
dzRel0000,potevap,,,2.600723985390907e-05,0.0,0.0,0.0,0.0,2.0
dzRel0010,tws,-0.0055560775390473,0.0005391510010313,0.0002493591469461,0.0103061737900004,0.0463235907695072,0.0019967865069797,0.0463235907695072,3.807354922057604
dzRel0001,tws,0.0054328411345803,-0.0023944912127721,0.0,0.00999531560356,0.0457959488409738,0.0008635608808576,0.0457959488409738,3.807354922057604
dzRel0010,potevap,0.0039580557887271,-0.0057956167990577,0.0,0.0385540554041234,0.0474094512403165,0.0014310162810066,0.0474094512403165,3.807354922057604
dzRel0001,potevap,-0.0077258469002842,-0.0087479869122576,0.0,0.0367888118660022,0.0466622827705963,0.0020225820158394,0.0466622827705963,3.807354922057604
dzRel0005,tws,0.0002372909629512,0.0104673431896988,0.0,0.0102678124351823,0.0448552466897787,0.0009586967044117,0.0448552466897787,3.807354922057604
dzRel0005,potevap,-0.0027532163036972,0.0109090495830934,0.0012494195739893,0.0384969520435599,0.0466597413669427,0.0013764695180703,0.0466597413669427,3.807354922057604
dzRel0000,qtot,,,1.961142591000442e-05,0.0,0.0,0.0,0.0,2.0
dzRel0010,qtot,0.0034919848771122,-0.0117183484342792,0.0017489546899502,0.0304592717520282,0.0458490102627165,0.0014266523019532,0.0458490102627165,3.807354922057604
dzRel0001,qtot,-0.0093654109749792,-0.0021522926137406,0.0056614740078417,0.0298291363429575,0.0463249623452941,0.0011813102324321,0.0463249623452941,3.807354922057604
dzRel0000,evap-total,,,0.0,0.0,0.0,0.0,0.0,2.0
dzRel0000,qr,,,0.0009247946719106,0.0,0.0,0.0,0.0,2.0
dzRel0001,evap-total,0.00527299960581,0.0108189921463134,0.0,0.0378826333226265,0.0463933231228367,0.0011005638712637,0.0463933231228367,3.807354922057604
dzRel0005,qtot,0.0012414793751932,-0.0023138392016704,0.0,0.0298858475975967,0.0465820489936944,0.0031960312727935,0.0465820489936944,4.0
dzRel0010,evap-total,-0.0045374010420283,-0.0050310002442094,0.0,0.0391235441664218,0.0445801954838536,0.0009606942831916,0.0445801954838536,3.807354922057604
dzRel0010,qr,0.0055825066125638,0.0124161556858456,0.0,0.0269723423891638,0.0452618514782877,0.000869124199509,0.0452618514782877,3.807354922057604
dzRel0030,qr,-0.0031207121930856,0.0039155300384461,0.0011364024892079,0.0284083644819546,0.0467332032712553,0.0022220146879023,0.0467332032712553,3.807354922057604
dzRel0020,tws,-0.0061865265862544,-0.0012738653079782,0.0037825009984659,0.010493009189949,0.0442234603648922,0.0013329178327458,0.0442234603648922,3.807354922057604
dzRel0020,potevap,-0.0038369785941828,-0.0071105019365938,0.0,0.0402524354752052,0.0467477384531315,0.0010596482370654,0.0467477384531315,3.807354922057604
dzRel0040,tws,-0.0063545339319671,-0.0062454963794131,0.0008343591810682,0.010886465490833,0.0457856872766856,0.0006821983863006,0.0457856872766856,3.807354922057604
dzRel0040,potevap,-0.0087387667264499,-0.0023299934254027,0.0,0.042268400124584,0.04520418860422,0.0018372081011625,0.04520418860422,3.5849625007211565
dzRel0050,tws,0.0060242386308545,0.0007566077573317,0.0,0.0114173670413024,0.0445915225534442,0.0006849933457514,0.0445915225534442,3.807354922057604
dzRel0050,potevap,0.0065353673665687,0.007749509154217,0.0,0.0445012243725593,0.0454512231046653,0.0023352580454703,0.0454512231046653,3.807354922057604
dzRel0020,qtot,-0.0062780964132836,-0.002532108052511,0.0,0.031836497678954,0.0449543657937003,0.0011343507939583,0.0449543657937003,3.807354922057604
dzRel0040,qtot,-0.006689791908289,-0.0073281350679345,0.0102487330862839,0.0342501467575621,0.0469267502552322,0.00301879630249,0.0469267502552322,3.807354922057604
dzRel0020,evap-total,0.0060507954298984,0.0091056559547781,0.0122484013107095,0.0419458762804981,0.0459456780424448,0.0009194128762452,0.0459456780424448,3.807354922057604
dzRel0030,tws,0.0051473172648441,0.0039237603849306,0.0,0.0106007127194609,0.0443445081105119,0.0009095941396142,0.0443445081105119,3.807354922057604
dzRel0030,potevap,0.0028060365615686,0.0141020642820309,0.0,0.040607213251383,0.0443979030174801,0.0012578434038034,0.0443979030174801,3.807354922057604
dzRel0020,qr,-0.0030771832242226,-0.010017146826037,0.004127013756431,0.0272382464348535,0.0457368475328242,0.0015580664657027,0.0457368475328242,3.807354922057604
dzRel0050,qtot,-0.0024144875390335,-0.0031549592786067,0.0,0.0355677827812269,0.0472746412382839,0.0034846436093034,0.0472746412382839,3.807354922057604
dzRel0040,evap-total,-0.0052803150316708,-0.0016230160658098,0.0088644095500853,0.0446379493256181,0.0484117814084639,0.0039091989771148,0.0484117814084639,3.807354922057604
dzRel0040,qr,0.0141523280306485,0.015156168804201,0.0044120128861218,0.0303112483609862,0.0460561488204799,0.0015387176113071,0.0460561488204799,3.807354922057604
dzRel0050,evap-total,0.0003351864458717,0.0065652245244285,0.0,0.046498572654726,0.0454935228296373,0.0012268976774167,0.0454935228296373,3.807354922057604
dzRel0050,qr,0.0012890131445879,-0.0071707452743602,0.0001010434570263,0.0308319057498126,0.0474416370549491,0.0010678482205463,0.0474416370549491,4.0
dzRel0030,qtot,-0.0033281342149514,-0.0017393691550219,0.0,0.0330166830966486,0.0475506088503276,0.0025278063600071,0.0475506088503276,3.807354922057604
dzRel0030,evap-total,-0.0116310129200226,-0.0111952811583221,0.004078518125123,0.0424578482870398,0.0445093034957351,0.000892978834618,0.0445093034957351,3.807354922057604
dzRel0070,tws,0.0104546478332601,0.0058709428819006,0.0,0.0109878481811151,0.0451757122882744,0.0018120187039088,0.0451757122882744,3.807354922057604
dzRel0070,potevap,-0.0005687270738113,0.0005573222992817,0.0,0.0468654627310435,0.0460650297704635,0.0010268959295771,0.0460650297704635,3.807354922057604
dzRel0090,potevap,-0.0061959849763979,0.0018749597431542,0.0032540826595974,0.0507049602128026,0.0444188089328836,0.0010728794733715,0.0444188089328836,3.5849625007211565
dzRel0090,qtot,0.0078105130063039,0.0101871451888989,0.0,0.0391407879740335,0.0475289887700918,0.0023929121185618,0.0475289887700918,4.0
dzRel0070,qtot,0.0003314951778048,-0.0059878982327157,0.0,0.0372659253783523,0.04640667684678,0.0010926866510139,0.04640667684678,3.807354922057604
dzRel0080,tws,-0.0005332271340931,-0.0017934582143414,0.0,0.0116728035934653,0.0454825596967389,0.0005089880099372,0.0454825596967389,3.807354922057604
dzRel0080,potevap,-0.0007758575993089,6.089057411414307e-05,0.0056382659054188,0.047739132937151,0.0462193971638774,0.002098339126629,0.0462193971638774,3.807354922057604
dzRel0090,evap-total,-0.004762834225598,-0.0053484878048717,0.0,0.0516129124262297,0.047129958894051,0.0016900434225027,0.047129958894051,3.5849625007211565
dzRel0070,evap-total,-0.0117888211998818,-0.0091930334987329,0.0052914459215385,0.0484023669952404,0.0462170022976678,0.0017539932657196,0.0462170022976678,3.807354922057604
dzRel0090,qr,-0.0029626697630814,-0.0093037285548424,0.0,0.034454492222439,0.0450240091131435,0.001179656720349,0.0450240091131435,3.807354922057604
dzRel0070,qr,-0.0059027360190316,0.0069985182426833,0.0084331497754224,0.0312882986776402,0.0460738331490816,0.0021819741392551,0.0460738331490816,3.807354922057604
dzRel0080,qtot,0.0006170707835927,0.0049996881021732,0.0,0.038154092597326,0.0455423519345273,0.0008739862513886,0.0455423519345273,3.5849625007211565
dzRel0060,tws,0.003283067823486,0.0049941001360838,0.001394495332871,0.0108789432090271,0.0452878325446938,0.0008491328109915,0.0452878325446938,3.807354922057604
dzRel0060,potevap,-0.00624678414722,-0.0026738734829021,0.0,0.0453228193288567,0.0464913514224237,0.0008138667943091,0.0464913514224237,3.807354922057604
dzRel0080,evap-total,-0.0024092707968021,-0.0066014008832096,0.0,0.0508169914197736,0.0471535441605493,0.0023803778803225,0.0471535441605493,3.807354922057604
dzRel0080,qr,-0.0095482263764257,-0.0157414169690763,0.0,0.0324268167407972,0.0465014717114664,0.0008595178983716,0.0465014717114664,3.807354922057604
dzRel0060,qtot,0.000464971265678,-0.0109404453788079,0.004809239691526,0.0366750493062127,0.0459068778055615,0.0011501680286104,0.0459068778055615,3.807354922057604
dzRel0060,evap-total,-0.0025471657335004,-0.0128495761339258,0.0029496529520418,0.0469126642533752,0.0478534334813091,0.0005452449954584,0.0478534334813091,3.807354922057604
dzRel0060,qr,-0.0120738959858717,-0.0031516762434055,0.0037942973008062,0.0303990697437947,0.0481983411699885,0.0032117129238949,0.0481983411699885,3.807354922057604
dzRel0090,tws,-0.0033906930188172,-0.00752112376041,0.0045381715819043,0.0114161346741588,0.0452697999601232,0.001521656720724,0.0452697999601232,3.807354922057604
elvstd,evap-total,0.002814647120772,0.0064800677417072,0.000505048883582,0.045990816321064,0.0434736720027857,0.0014721057302641,0.0434736720027857,3.807354922057604
elvstd,qr,-0.0033019809961544,0.0019390365839333,0.0043355095501311,0.030431011201609,0.0465099456132244,0.0026211202146151,0.0465099456132244,3.807354922057604
fracgrassland,qtot,-0.0090676415875126,-0.0114337868871092,0.0,0.0582838215374426,0.0468657045954381,0.0035401314461564,0.0468657045954381,3.807354922057604
dzRel0100,qtot,0.0063010763164788,-0.0006701314016857,0.0,0.0417493206698551,0.047655304686092,0.0020183456792227,0.047655304686092,3.5849625007211565
fracforest,tws,-0.0037674424749302,0.0083508762639591,0.0,0.0144268725193952,0.0447190699570386,0.0030582865344847,0.0447190699570386,3.5849625007211565
fracgrassland,evap-total,0.0101320784771879,0.0120140078842049,0.0,0.0816398266893869,0.0449355558106807,0.0030883284189127,0.0449355558106807,3.807354922057604
dzRel0100,evap-total,-0.0069785990579583,-0.003102870168233,0.00476193873014,0.0569884944576657,0.0458032598517651,0.0011756452081272,0.0458032598517651,3.5849625007211565
fracforest,potevap,0.0028621162359824,0.0026577191476722,0.0044184073502586,0.0776220323026132,0.0450904476530099,0.0017373169942332,0.0450904476530099,3.807354922057604
dzRel0100,qr,0.0060188984497279,0.0076094263635181,0.0030410452364568,0.0368623664140654,0.0457812907245481,0.001966151985073,0.0457812907245481,3.807354922057604
fracgrassland,qr,0.0058947502725115,0.00277379212557,0.0008412437807603,0.0492722084170513,0.0448310168435638,0.0043288438987862,0.0448310168435638,3.807354922057604
fracforest,qtot,0.0109679237948255,0.0077280100405325,0.0043818840077314,0.0596797233759678,0.0444003743231345,0.0032119108595281,0.0444003743231345,3.5849625007211565
fracforest,evap-total,-0.0056502654076383,-0.0043089351192706,0.0021657178154415,0.0818967860502745,0.0454897075443134,0.0037898130470735,0.0454897075443134,3.807354922057604
fracforest,qr,0.0004915525893417,-0.0001580656160682,0.0029238226797589,0.0493874839281601,0.0425020738809089,0.0010815351054016,0.0425020738809089,3.807354922057604
elvstd,tws,-0.0044513633054315,0.000634556337909,0.0005918109121783,0.010723398295292,0.0462494994452698,0.0017919028408884,0.0462494994452698,4.0
elvstd,potevap,-0.0113946886513935,-0.0120449088243279,0.0,0.0442200470072825,0.0454566119320318,0.0016689216539756,0.0454566119320318,3.807354922057604
fracgrassland,tws,0.0003012701343116,0.010095967273518,0.0,0.0137716637433447,0.043151770104864,0.0024589400560092,0.043151770104864,3.807354922057604
elvstd,qtot,-5.013283091306994e-05,0.0042280437853893,0.0016804993620755,0.0356359252077577,0.0449170098551647,0.0010097803198909,0.0449170098551647,3.807354922057604
dzRel0100,tws,-0.0054614408787262,-0.0082162273919731,0.0033404359628095,0.0114112375655535,0.0473766271839962,0.0022767742412266,0.0473766271839962,3.807354922057604
dzRel0100,potevap,0.0037028512882683,-0.0042394343135272,0.0,0.0537651116445872,0.0452323469324275,0.0011531545194902,0.0452323469324275,3.807354922057604
fracgrassland,potevap,-0.0093521747264223,-0.010452670495829,0.0,0.0767610706537424,0.0460960519799729,0.0037471564016266,0.0460960519799729,3.5849625007211565
fracwater,tws,-0.0011096260622936,0.0039934288857125,0.0071938307355043,0.0127617945584239,0.0474731954245778,0.0040104206726368,0.0474731954245778,3.807354922057604
fracsealed,tws,0.011323393952385,0.0072771050929719,0.0,0.0103472406926211,0.0463063137139107,0.0028494642090793,0.0463063137139107,3.807354922057604
fracsealed,potevap,-0.0020358138546755,0.0023950808843839,0.0,0.0215921249620658,0.0445843546655718,0.0037050499456761,0.0445843546655718,3.807354922057604
fracwater,potevap,-0.0024569483886495,-0.0075605742310331,0.0,0.0278645953884872,0.0453401485042297,0.0042604490914702,0.0453401485042297,3.807354922057604
fracirrPaddy,tws,-0.0027415193707004,-0.004437393491106,0.0,0.013471428377105,0.0428893246725249,0.0055948318335893,0.0428893246725249,3.807354922057604
fracirrPaddy,potevap,0.0080487490190938,0.0085130195087032,0.0005026010700022,0.0285683604112594,0.0463691371692468,0.0094879301814072,0.0463691371692468,3.5849625007211565
fracirrNonPaddy,tws,0.0050776323555286,0.0043374735212943,0.0,0.0148453875862048,0.0436128324004957,0.0051533248076265,0.0436128324004957,3.807354922057604
fracirrNonPaddy,potevap,0.0065287828536856,0.0055210067072047,0.0,0.0469090084441978,0.0445237716740191,0.0074032436897164,0.0445237716740191,3.807354922057604
fracwater,qtot,0.005905733218177,-0.0056487262706462,0.0,0.0246437306469579,0.0443939267760928,0.002952199640629,0.0443939267760928,3.807354922057604
fracsealed,qtot,-0.0021249531434555,-0.0042014937715114,0.0,0.0183313082623299,0.0465601260144385,0.0039845634011025,0.0465601260144385,3.807354922057604
fracirrPaddy,qtot,0.0030938705588758,0.0024631820131847,0.0034396457613006,0.0256335842716163,0.0451810638283298,0.0086799109760459,0.0451810638283298,3.5849625007211565
fracwater,evap-total,0.002191387960523,0.010930817287462,0.0,0.0290456996702846,0.0469462756938251,0.0065607774767772,0.0469462756938251,3.807354922057604
fracsealed,evap-total,-0.0100764814502613,-0.0157159536676595,0.0,0.0214301586738007,0.0455551557434714,0.0042959141348616,0.0455551557434714,3.807354922057604
fracirrNonPaddy,qtot,0.0024285186481412,-0.0021133771784688,0.0,0.0387384673113491,0.043395401891907,0.0045413688305053,0.043395401891907,3.807354922057604
fracsealed,qr,0.0140955802234149,0.0052573869940497,0.0,0.0170455439558256,0.0458127602570859,0.0049518625528691,0.0458127602570859,3.807354922057604
fracwater,qr,-0.0076980725402615,-0.0023907247368095,0.0014852415217574,0.0219101424383649,0.0480096259188188,0.0068814001006667,0.0480096259188188,3.807354922057604
fracirrPaddy,evap-total,-0.003646693093151,-0.0107871285819711,0.0014790390962742,0.0288376183668728,0.0452952306437255,0.0077492166074724,0.0452952306437255,3.807354922057604
fracirrPaddy,qr,-0.0010361358400378,-0.0157825934628774,0.0026688375522767,0.0235000568749578,0.042857383991572,0.0062051301091123,0.042857383991572,3.5849625007211565
fracirrNonPaddy,evap-total,-0.0116103998089106,-0.0093362492479007,0.0021947155514219,0.0481035542116827,0.0471470651903054,0.0074253148025956,0.0471470651903054,3.807354922057604
fracirrNonPaddy,qr,0.014800985076358,0.012459980755958,0.0,0.0360043556096052,0.0446263020768411,0.0069941639740986,0.0446263020768411,3.807354922057604
albedoLand,qtot,-0.0003395379367646,-7.556484513564598e-05,0.0052968589627049,0.0491051479602259,0.0454312811970939,0.0017312560403103,0.0454312811970939,3.807354922057604
Global_CloneMap_30min,evap-total,,,7.135753025244718e-05,0.0,0.0,0.0,0.0,2.0
Global_CloneMap_30min,qr,,,0.0,0.0,0.0,0.0,0.0,2.0
albedoLand,evap-total,-0.0162076758245857,-0.0150312231520786,0.0002054299585427,0.0674087865482592,0.0483871596963527,0.002800446289246,0.0483871596963527,3.807354922057604
domww,tws,-0.0010716215699259,0.0080644649831948,0.0,0.0075909015329658,0.04697836108213,0.0037500791797519,0.04697836108213,3.807354922057604
albedoLand,qr,0.0031722865210008,0.0014619372188302,0.0,0.0409401559124646,0.0451609995674954,0.0010568780826884,0.0451609995674954,3.807354922057604
domww,potevap,0.0068570996254983,0.0057909835881575,0.0030792791529719,0.0198740098294648,0.0471101033981738,0.0020300464938691,0.0471101033981738,3.807354922057604
albedoWater,tws,-0.0073477578144414,-0.0067392312077483,0.0041760332828633,0.0022126614177449,0.0435909453765884,0.0432687013507442,0.0435909453765884,4.0
albedoWater,potevap,0.0021855345259252,-0.0020889974614544,0.0049932517112192,0.0050003262946087,0.045826567175573,0.0450590794840943,0.045826567175573,3.807354922057604
domww,qtot,0.0019180958017831,0.0029134587349952,0.0033232381694388,0.0162608249453722,0.0460404005584664,0.0017979578968286,0.0460404005584664,3.807354922057604
albedoWater,qtot,-0.0074764284993396,-0.0006230933993534,5.549989331532501e-05,0.0042880316936361,0.0460308716980297,0.0454029216083375,0.0460308716980297,4.0
Global_CloneMap_30min,tws,,,0.0005490517036204,0.0,0.0,0.0,0.0,2.0
domww,evap-total,-0.0032673117060131,-0.0078824286042182,0.0,0.0199017065230489,0.046106163098882,0.0016670129833017,0.046106163098882,3.807354922057604
domww,qr,0.022797220612354,0.0062825251782701,0.0008571466964637,0.0168478553037582,0.0456473136752993,0.0011956253454191,0.0456473136752993,3.807354922057604
Global_CloneMap_30min,potevap,,,5.55335000096413e-06,0.0,0.0,0.0,0.0,2.0
albedoWater,evap-total,0.0036295935656488,-0.0010558816185294,0.0,0.005072765479379,0.0453876550891819,0.0447890656983323,0.0453876550891819,3.807354922057604
albedoWater,qr,-0.00409127311911,-0.0027005848310128,0.0048859993108285,0.0040525405564528,0.0453288912946773,0.0446086198230578,0.0453288912946773,3.5849625007211565
albedoLand,tws,0.0013581016842962,-0.0057959016438972,0.0082896503462377,0.0126356577968925,0.0458955718523028,0.0026742907060016,0.0458955718523028,3.5849625007211565
albedoLand,potevap,0.0068963895573833,0.0006021417217986,0.0,0.0631914064901376,0.0454804002205277,0.0013568073298465,0.0454804002205277,3.807354922057604
Global_CloneMap_30min,qtot,,,0.0003134685303084,0.0,0.0,0.0,0.0,2.0
indww,tws,-0.0058008693568215,-0.01374438607957,0.0004532054780521,0.0069757325647336,0.0458209297840076,0.0009124199897734,0.0458209297840076,3.5849625007211565
indww,potevap,-0.0062413297788975,0.0125960539615431,0.0047709680653502,0.0157604961322049,0.046443572693343,0.0028686382691965,0.046443572693343,3.807354922057604
indwc,evap-total,0.003161412017065,0.0086034052106186,0.0,0.0141189384592386,0.0449881076041266,0.000738141737493,0.0449881076041266,3.807354922057604
indwc,qr,-0.0001343177668287,0.0043079220100471,0.0,0.0115270799396918,0.0465421798745986,0.0014984373841883,0.0465421798745986,3.807354922057604
livestockConsumption,tws,-0.002465459025442,0.0042720212228772,0.0080040429642167,0.0141649804893664,0.0464905263535686,0.0021344167198673,0.0464905263535686,3.807354922057604
livestockConsumption,potevap,-0.0018354412607877,-0.0060156034348065,0.0015750045447622,0.0444807361796149,0.0459169792812394,0.0016175312962224,0.0459169792812394,3.807354922057604
indww,qtot,0.0146272158015678,-0.0009036427121517,0.003499886947774,0.0143115307312979,0.0447117439894875,0.0007474519297808,0.0447117439894875,3.807354922057604
domwc,tws,-0.0041785452837261,-0.0038607390229537,0.0,0.0078126026731612,0.0446255739049858,0.0013536628530825,0.0446255739049858,3.807354922057604
domwc,potevap,-0.0056250828592036,-0.0092690367119578,0.0035611881218304,0.0196441228647876,0.047074209707934,0.0017001917852527,0.047074209707934,3.807354922057604
livestockConsumption,qtot,-0.0024858360797939,0.0012346410218729,0.0,0.0360839051457573,0.0456881608902168,0.0028380388780144,0.0456881608902168,4.0
indww,evap-total,0.0053072475869167,-0.0046241730080163,0.0042187515758258,0.0164916555854684,0.0458242952950078,0.0015799834958758,0.0458242952950078,4.0
indww,qr,0.0005865844888639,0.0079831054843033,0.0023662777884334,0.0129494106427727,0.0451383740772541,0.002522785963944,0.0451383740772541,3.807354922057604
livestockConsumption,evap-total,0.0076036856993996,0.0023776722328323,0.003779314627887,0.045566818000079,0.0465297928692961,0.002043546478967,0.0465297928692961,3.807354922057604
domwc,qtot,-0.001255135685628,-0.0007230886232596,0.0,0.0168150261651763,0.0467045640300212,0.0010310367533377,0.0467045640300212,3.807354922057604
livestockConsumption,qr,-0.0019060497292043,-0.0103919144310911,0.0046994712490189,0.0321737990442372,0.048059158728415,0.0034695683456178,0.048059158728415,3.807354922057604
domwc,evap-total,0.0019330650551209,-0.000905561476957,0.0100631545935385,0.0205288723386078,0.0446497843797165,0.00078281910579,0.0446497843797165,3.807354922057604
indwc,tws,-0.0039596697661187,-0.0072976732111387,0.0090852472942422,0.0064012686860425,0.0470874677161609,0.001934812118461,0.0470874677161609,3.807354922057604
domwc,qr,0.0026961090858989,0.0015795472788617,0.0,0.015375854556559,0.0462382749463123,0.0027916928205986,0.0462382749463123,3.807354922057604
indwc,potevap,-0.0035332871971947,0.0002138177549402,0.0,0.0139766142594178,0.0467549698462241,0.0025032571074515,0.0467549698462241,3.807354922057604
indwc,qtot,-0.0022749874429964,-0.0016618909916811,0.0002883176511772,0.0118637729111882,0.0448697178496039,0.0017076436043854,0.0448697178496039,3.5849625007211565
chanbw,tws,-0.005982630026401,-0.0060836773654771,0.0,0.008685082420998,0.0465094776431831,0.0016640613921098,0.0465094776431831,3.5849625007211565
chanbw,potevap,-0.009859513829976,-0.0083630183323292,0.0,0.030755807577944,0.0459893470830322,0.0017026709603331,0.0459893470830322,3.807354922057604
irrigationArea,qtot,0.0095529475454034,0.0140826819795588,0.0,0.0372859641918525,0.0460743526268195,0.0027242463256833,0.0460743526268195,3.807354922057604
chanbnkf,qtot,-0.0070516634455264,-0.0078380327199567,0.0077670190964216,0.0276594606030603,0.0457381835368219,0.0010322555330649,0.0457381835368219,3.807354922057604
efficiency,tws,0.0015489057455084,0.0071097865398433,0.0031181960314052,0.0012315039556427,0.0460977152622278,0.0458460839229781,0.0460977152622278,3.807354922057604
efficiency,potevap,-0.0031068825644535,-0.005118256216027,0.0,0.0030199169259206,0.0430500947854233,0.0428391211689337,0.0430500947854233,4.0
irrigationArea,evap-total,-0.0063272577191063,-0.0024228661071736,0.0,0.0443887252525833,0.0444881141226181,0.0027569232585066,0.0444881141226181,3.807354922057604
chanbnkf,evap-total,-0.0070493555546072,-0.0062906544201082,0.0058460636014512,0.0343859817509947,0.044608073495388,0.0012586296533806,0.044608073495388,3.5849625007211565
chanbw,qtot,0.0032931408397947,0.0012466351383708,0.0137323586289177,0.02482184833359,0.0451575483801912,0.0009674290859676,0.0451575483801912,3.807354922057604
irrigationArea,qr,0.0064188482512159,0.0003751480097434,0.0008061911920798,0.0326346719282646,0.0455006407412077,0.0030755887940203,0.0455006407412077,3.807354922057604
chanbnkf,qr,0.013799840615306,-0.0013519705531085,0.0077234740536127,0.0259498052579036,0.0469574378055197,0.0012124390777082,0.0469574378055197,3.5849625007211565
efficiency,qtot,0.0043532015734153,0.0103808839256178,0.000237352687477,0.002751657322554,0.0450355445366438,0.0447244345382392,0.0450355445366438,3.807354922057604
chanbw,evap-total,0.0178194775436051,0.0154738820202614,0.00107426939846,0.0314886990024522,0.0464810198722165,0.0023714208054441,0.0464810198722165,3.807354922057604
chanbw,qr,0.0093224343102822,0.0024549315013007,0.0,0.0220150892200248,0.0478134469810665,0.0045215045782366,0.0478134469810665,4.0
efficiency,evap-total,-0.0050008890255342,-0.0012952407640359,0.001646023728244,0.0031691654659254,0.0457567711762471,0.0453504689891642,0.0457567711762471,3.5849625007211565
efficiency,qr,-0.0124029427251558,-0.0103398951930435,0.0,0.0029487505627025,0.0458848915681696,0.0454733915429143,0.0458848915681696,3.807354922057604
irrigationArea,tws,0.0139746464661502,0.0081406254088879,0.0,0.015915961932693,0.0437622991638698,0.0012406421908929,0.0437622991638698,3.5849625007211565
chanbnkf,tws,0.0062341490985927,-0.0005028720144255,0.0,0.010225532608388,0.0468314754562696,0.0018246098410757,0.0468314754562696,3.807354922057604
irrigationArea,potevap,-0.0049949059388812,-0.0091970113149566,0.0,0.0435686870039578,0.0459728446523731,0.0022248995906701,0.0459728446523731,3.807354922057604
chanbnkf,potevap,0.0073950528738804,-0.0072516389749044,0.0054291069478384,0.0344280662622406,0.0446139360823446,0.0013439585725078,0.0446139360823446,3.807354922057604
chanman,evap-total,-0.0009637444998362,0.0029357796779306,0.0,0.072570136994382,0.0459820174729499,0.0013782145224679,0.0459820174729499,3.5849625007211565
changrad,evap-total,-0.008922087337151,0.0016944859937794,0.0,0.0372417625394493,0.0452670811911932,0.007164509287016,0.0452670811911932,3.807354922057604
chanman,qr,0.0007092724973871,-0.0096078206822916,0.0,0.0444054162092498,0.0447220774063273,0.0018680215104522,0.0447220774063273,3.807354922057604
chanleng,qtot,-0.0013395838885199,0.0035047939855366,0.0,0.035686359140599,0.0463452079060709,0.0324918281284348,0.0463452079060709,3.807354922057604
chanleng,tws,-0.0083488631595028,0.0042312433704987,0.0097992337800265,0.0101591302457429,0.0459754593671274,0.0316549389506112,0.0459754593671274,3.807354922057604
changrad,qr,-0.0003818628666109,0.0024845196853039,0.0083254082005108,0.0261732169001339,0.0461962038924187,0.0064051546721798,0.0461962038924187,3.807354922057604
changrad,qtot,-0.0014379155028457,-0.0016841657840398,0.0071675379055937,0.0286095793355497,0.0469846705939641,0.0082402362987168,0.0469846705939641,3.807354922057604
chanleng,potevap,0.0090484119770531,0.0084110271923648,0.0,0.0457944738362585,0.0456646784451478,0.0334129941342468,0.0456646784451478,3.5849625007211565
changrad,tws,0.012252847635565,0.0056305306376735,0.0,0.0098475105244166,0.043312534699574,0.0045272845424415,0.043312534699574,3.5849625007211565
chanman,tws,0.005432755596169,0.0012716563606873,0.0109804972318361,0.0132736718853253,0.0453861803032499,0.0015458137967232,0.0453861803032499,3.807354922057604
chanman,potevap,0.0144206625360954,0.0145977261956818,0.0029069340732386,0.0689361319099655,0.0445704139979031,0.0009044901588938,0.0445704139979031,3.5849625007211565
chanman,qtot,-0.0014047540172735,-0.0042503005666031,0.0,0.0522382293302805,0.0464036017905815,0.0028712867325539,0.0464036017905815,3.807354922057604
chanleng,evap-total,-0.0128416233765701,-0.0126769438379556,0.0,0.0469776567628165,0.0448655426220424,0.0316675265486964,0.0448655426220424,3.807354922057604
changrad,potevap,-0.0082150519683704,0.0005894162595882,0.0,0.0362986732568447,0.0468717344655231,0.009334091734121,0.0468717344655231,4.0
chanleng,qr,0.0023900784203919,0.002664795326954,0.0086335631612133,0.0318394774931644,0.0450340393589553,0.0323830489009608,0.0450340393589553,3.807354922057604
lakeresID,potevap,0.0043314523784408,0.0058089593040336,0.0002687830590764,0.0068682260408495,0.0437660186544932,0.0230950012878604,0.0437660186544932,3.807354922057604
lakeresArea,evap-total,0.0092590347986356,0.0058321345851607,0.000227218495548,0.0102795954168,0.0431967910063712,0.0229419503111382,0.0431967910063712,3.807354922057604
lakeresID,evap-total,0.0013880771049016,-0.0108530881565202,0.0020022116372928,0.0069818520665287,0.0421282653324856,0.0196265070614321,0.0421282653324856,3.5849625007211565
lakeresArea,qr,-0.0089379007912162,0.0107801825323565,1.2005505078072076e-05,0.0084396713215432,0.0425287587093755,0.0215943707288331,0.0425287587093755,3.807354922057604
lakeresDis,evap-total,-0.0022193717715689,0.002205016612686,0.0,0.0183851375713321,0.0445527630182178,0.0240442876927285,0.0445527630182178,3.807354922057604
lakeresID,qr,0.0049053495495176,0.010168854003502,0.0001103513786655,0.0059796518989689,0.0422764556236657,0.0210059009779136,0.0422764556236657,3.5849625007211565
lakeresDis,qr,-0.0076166159271305,-0.0111882151336812,0.0,0.014170861244775,0.0417253898410396,0.0214118060100536,0.0417253898410396,3.807354922057604
lakeresArea,qtot,0.0088730745949859,0.002014423599482,0.0,0.0092274724267026,0.0431783627522463,0.0205295173129779,0.0431783627522463,3.807354922057604
lakeresArea,tws,0.0101637144514952,0.0112974309077399,0.0003448326069013,0.0034561234104368,0.0428609839679156,0.0216705102878434,0.0428609839679156,3.807354922057604
lakeresID,qtot,-0.0012989144853847,-0.0060522072025534,0.0011204128932975,0.0062501042487273,0.040666255380074,0.0194818806283082,0.040666255380074,3.807354922057604
lakeresDis,qtot,-0.0028083489361727,-0.000426849707361,0.0002037214725638,0.0160579018522892,0.0424806243836187,0.0225186814641756,0.0424806243836187,3.807354922057604
lakeresID,tws,-0.004086494309518,-0.0022706629038015,0.0011245705326896,0.0026275466265336,0.0421267738587126,0.0227256639147658,0.0421267738587126,3.807354922057604
lakeresDis,tws,0.006370589655705,3.636440504872029e-05,0.0009111897824081,0.0091201631400439,0.0440376902020683,0.0252757425751993,0.0440376902020683,3.807354922057604
lakeresDis,potevap,0.0134451510394098,-0.0086610244789162,0.0002351279920245,0.0182879042169043,0.0419055358228902,0.0223094044271334,0.0419055358228902,3.321928094887362
lakeresArea,potevap,-0.0040140886556376,0.0031478390088778,0.0017703979652321,0.0106137856991337,0.0436328659304432,0.0224130098938528,0.0436328659304432,3.5849625007211565
lakeresVolRes,tws,0.0010524847268931,-0.0041123530232496,0.0003571853473476,0.005335475472753,0.0424556412391582,0.0286776493297311,0.0424556412391582,3.807354922057604
lakeresVolTotal,qtot,0.0007033653719574,0.0065393787867405,0.0,0.0030737546772071,0.0442853576652885,0.0244728818254037,0.0442853576652885,3.807354922057604
lakeresType,evap-total,0.0065577493309378,0.0053176574171791,0.0014075559071187,0.0031151750646403,0.0435779740344144,0.0433496091781841,0.0435779740344144,3.807354922057604
lakeresVolTotal,tws,-0.002741305733647,-0.0063138695768556,0.0,0.0011977016262575,0.0435691112896118,0.0237005426891961,0.0435691112896118,3.807354922057604
lakeresVolRes,potevap,0.0088908602073264,0.0010041373056426,0.0,0.0107057662508773,0.0403213253831772,0.026832927058846,0.0403213253831772,3.807354922057604
lakeresVolTotal,potevap,-0.012150376582106,-0.0073800498488873,0.0008290146317844,0.0035677632587232,0.0452033595845086,0.0243071203289766,0.0452033595845086,3.5849625007211565
lakeresVolRes,evap-total,-0.0064836420755396,-0.0108132353773187,0.0,0.0102305429322975,0.0428655034213607,0.0298345413771822,0.0428655034213607,3.5849625007211565
lakeresType,qr,-0.0055416052034028,-0.0081946960897854,0.0,0.0024870905467752,0.0414589852194521,0.0412452346866432,0.0414589852194521,3.5849625007211565
lakeresVolRes,qr,-0.0016349860569215,0.0018237709140399,0.0050669160293639,0.0087692779812451,0.0410478478744268,0.0277284001813414,0.0410478478744268,3.807354922057604
lakeresType,qtot,-0.0039416034331584,0.0007705639011254,0.00155141944231,0.0028342388161899,0.0442428866086701,0.0440648166875469,0.0442428866086701,3.5849625007211565
lakeresType,tws,-0.0041554711554046,0.0082563042865212,0.0025200424293314,0.0009495106970613,0.0458192568410223,0.0455958218869499,0.0458192568410223,3.807354922057604
lakeresVolTotal,evap-total,-0.0014001421077213,-0.0048646169006459,0.0005430622572082,0.0033910641092042,0.0445070894021845,0.0248155149151445,0.0445070894021845,3.807354922057604
lakeresVolTotal,qr,-0.0072788702655786,-0.0048085696045444,0.0,0.0024822095015088,0.0431675536962809,0.0219548442563317,0.0431675536962809,3.5849625007211565
lakeresType,potevap,0.0068012839063364,0.0067026197518352,0.0020539675627517,0.0029856811239328,0.0447264620635288,0.0445179688624741,0.0447264620635288,3.807354922057604
lakeresVolRes,qtot,-0.0022629010104161,0.0004718208081931,0.0001728055922332,0.0083155680542086,0.0427771881996547,0.0300093155668862,0.0427771881996547,3.807354922057604
discharge,qtot,0.0064708395024953,0.0067068832508831,0.0,0.0218125239982497,0.0426369700337828,0.012619125759338,0.0426369700337828,3.807354922057604
lakeresYear,evap-total,-0.0049934269790635,-0.0074641707709409,0.0003798397128993,0.0067626825578457,0.0408616434984727,0.0374046698579338,0.0408616434984727,3.807354922057604
lakeresYear,qr,-0.0008110377312195,0.0011540770641909,0.0025421503986908,0.0055777176527009,0.0405833909310961,0.0370435989569745,0.0405833909310961,3.5849625007211565
discharge,qr,0.0040913210371553,-0.0016652461714495,0.0017302338044005,0.0208770196592367,0.0436137734779144,0.0128336679902413,0.0436137734779144,4.0
discharge,tws,0.0252058934624494,0.002027112700077,0.0024718180610516,0.0121428357726914,0.0465261644632849,0.0151390136030084,0.0465261644632849,3.807354922057604
discharge,potevap,-0.0079314030039688,0.0027020820252094,0.0052145386705664,0.0253262285979761,0.045432172605616,0.0145948474743803,0.045432172605616,4.0
ldd,qr,-0.0008014593891344,-0.0058798180677157,0.0009246688227584,0.0057816330657737,0.0453992707346074,0.045063358684534,0.0453992707346074,3.807354922057604
ldd,qtot,0.0090427139602711,0.0071103531760067,0.0035368777344606,0.0059168891797529,0.0451484697342247,0.0445943001149779,0.0451484697342247,3.807354922057604
ldd,tws,0.0030823699834064,-0.0008180009850948,0.0064719328924809,0.0028138941667261,0.0468871185388448,0.0465636445003091,0.0468871185388448,4.0
lakeresYear,qtot,-0.0116918462708108,-0.0160373375531132,0.0003607709497563,0.0059171398175438,0.04300438933604,0.0390413752263608,0.04300438933604,3.807354922057604
lakeresYear,tws,0.0222539659788556,0.0049948792853768,0.0,0.0029307862165823,0.0406122846290978,0.0372955683289371,0.0406122846290978,3.807354922057604
discharge,evap-total,0.0041892193716783,0.0053210246320655,0.0002020507934696,0.0256284338664715,0.0429293007868173,0.0129285798976143,0.0429293007868173,3.807354922057604
ldd,potevap,0.0054861188354738,0.0044301070539512,0.0,0.0070382957685967,0.0470564063088164,0.0462695330891078,0.0470564063088164,4.0
lakeresYear,potevap,0.0059100706367938,0.0051060295808848,0.0,0.0065706240752762,0.0420485258833607,0.0384691559945977,0.0420485258833607,3.5849625007211565
ldd,evap-total,0.0091711131458082,0.0074918668451014,0.0,0.0072860801039723,0.0439869726144128,0.0434017295380203,0.0439869726144128,3.807354922057604
ups,qtot,0.0052066678197865,0.0102466335298413,0.0,0.0253435499441257,0.0435894008362272,0.0049487553976501,0.0435894008362272,3.807354922057604
area,potevap,0.0057077177054907,0.0033741904249943,0.0002917043178691,0.0292631907771574,0.0457015357282825,0.0146430560245666,0.0457015357282825,3.807354922057604
ups,tws,-0.0032488798099349,0.0057422439766764,0.0065304476518743,0.0098414249618211,0.0450426914766397,0.0055864729469789,0.0450426914766397,3.807354922057604
watershedarea,potevap,-0.0038377197133718,-0.004207373616485,0.0017505753538205,0.0213617525166997,0.0458556223551674,0.0116347897623664,0.0458556223551674,3.807354922057604
area,evap-total,-0.0007413576333259,-0.0107458085446585,0.0,0.0308960070567113,0.0436655075127391,0.0113636736765692,0.0436655075127391,3.807354922057604
ups,potevap,0.0036478753518581,0.0003634199026141,0.008441560564234,0.0287604258423407,0.0472770919786058,0.0055867271897495,0.0472770919786058,3.807354922057604
ups,evap-total,-0.006052038730543,-0.0011394937286088,0.0065463278203048,0.0293251507237276,0.044581340251048,0.0038840793141903,0.044581340251048,3.807354922057604
watershedarea,evap-total,-0.004344534643485,-0.0057575975534188,0.0,0.0215511634411561,0.0443727869796376,0.0091459079213529,0.0443727869796376,3.807354922057604
area,qr,0.0083331242672486,0.0033962850977205,0.0066312776982031,0.0242443047431566,0.0437996837741063,0.0127472064671583,0.0437996837741063,3.807354922057604
watershedarea,qr,-0.0085314284634186,-0.0093376004339756,0.0,0.0164793265857996,0.0454908581063324,0.0114503553039726,0.0454908581063324,3.5849625007211565
area,qtot,-0.0055864360283705,-0.0124267882601044,0.0,0.0246117827136852,0.0432445183283439,0.0111630973163936,0.0432445183283439,3.5849625007211565
area,tws,0.0037513536837621,-0.0047626400411647,0.0014162504909269,0.0111743140927066,0.0440867194236098,0.0121433882369845,0.0440867194236098,3.807354922057604
watershedarea,qtot,0.0027405167268699,-0.0007315582840469,0.0,0.0179004648687992,0.0447718786210404,0.0096847558053038,0.0447718786210404,3.5849625007211565
ups,qr,-0.00065920692461,-0.0012361024812728,0.0016562676392313,0.02226413258865,0.0448147213530829,0.0055346478282447,0.0448147213530829,4.0
watershedarea,tws,-0.0015149499313052,0.0063014179010639,0.0,0.0075912437124988,0.0451930380043944,0.0117643904883848,0.0451930380043944,3.807354922057604
